-- EDITEURS (De 300 à 330) : Emel
INSERT INTO Editeur VALUES (300, 'La plage', 'roman', 0143295685, NULL);
INSERT INTO Editeur VALUES (301, 'Soleil Manga', 'manga', NULL, NULL);
INSERT INTO Editeur VALUES (302, 'Mana Books', 'manga', NULL, NULL);
INSERT INTO Editeur VALUES (303, 'Slalom', 'général', NULL, NULL);
INSERT INTO Editeur VALUES (304, 'Penguin Books', 'romans', NULL, NULL);
INSERT INTO Editeur VALUES (305, 'Gallimard', 'général', 0149544200, 'catalogue@gallimard.fr');
INSERT INTO Editeur VALUES (306, 'Hachette', 'jeunesse', 0143923000, 'dircomm@hachette-livre.fr');
INSERT INTO Editeur VALUES (307, 'Kurokawa', 'manga', NULL, NULL);
INSERT INTO Editeur VALUES (308, 'Flammarion', 'général', 0140513100, 'accueil.flammarion@flammarion.fr');
INSERT INTO Editeur VALUES (309, 'Albin Michel', 'général', 0142791000, NULL);
INSERT INTO Editeur VALUES (310, 'Imprévu', 'roman', NULL, 'michel.hayotte34@gmail.com');
INSERT INTO Editeur VALUES (311, 'Grasset', 'général', 0185082266, 'digitaldesk@dropteam.com');
INSERT INTO Editeur VALUES (312, 'Pika', 'manga', NULL, NULL);
INSERT INTO Editeur VALUES (313, 'Kioon', 'manga', 0148016797, NULL);
INSERT INTO Editeur VALUES (314, 'Playback', 'général', NULL, NULL);
INSERT INTO Editeur VALUES (315, 'Le livre de Poche', 'roman', 0149543700, 'marketing@livredepoche.com');
INSERT INTO Editeur VALUES (316, 'Folio', 'général', 0149544200, 'catalogue@gallimard.fr');
INSERT INTO Editeur VALUES (317, 'Glénat', 'BD', 0476887575, NULL);
INSERT INTO Editeur VALUES (318, 'Hatier', 'pédagogie', 0149544850, 'infoprofs@editions-hatier.fr');
INSERT INTO Editeur VALUES (319, 'Harper Collins', 'roman', NULL, 'contact-manuscrits-fiction@harpercollins.fr');
INSERT INTO Editeur VALUES (320, 'Bayard Jeunesse', 'jeunesse', 0174316060, 'sc.bayardjeunesse@groupebayard.com');
INSERT INTO Editeur VALUES (321, 'Pocket Jeunesse', 'jeunesse', NULL, NULL);
INSERT INTO Editeur VALUES (322, 'Lumen', 'général', NULL, NULL);
INSERT INTO Editeur VALUES (323, 'Gründ', 'enfant', 0153103600, NULL);
INSERT INTO Editeur VALUES (324, 'Kotoon', 'général', NULL, NULL);
INSERT INTO Editeur VALUES (325, 'Nathan', 'général', NULL, NULL);
INSERT INTO Editeur VALUES (326, 'Robert Laffont', 'général', NULL, NULL);
INSERT INTO Editeur VALUES (327, 'Panini Manga', 'manga', NULL, NULL);
INSERT INTO Editeur VALUES (328, 'France Loisirs', 'général', 0145221146, NULL);
INSERT INTO Editeur VALUES (329, 'Le Seuil', 'général', 0153263151, NULL);
INSERT INTO Editeur VALUES (330, 'Palémon', 'thriller', NULL, NULL);

-- LIBRAIRIES (De 100 à 129) : Laurine
INSERT INTO Librairie VALUES (100, 'Paris', 'Pa''read');
INSERT INTO Librairie VALUES (101, 'Marseilles', 'O''livres');
INSERT INTO Librairie VALUES (102, 'Aix-en-Provence', 'Chatpitre');
INSERT INTO Librairie VALUES (103, 'Bordeaux', NULL);
INSERT INTO Librairie VALUES (104, 'Lyon', NULL);
INSERT INTO Librairie VALUES (105, 'Rouen', 'Chatpitre');
INSERT INTO Librairie VALUES (106, 'Paris', 'Lib''tout');
INSERT INTO Librairie VALUES (107, 'Lille', 'La Chouette Librairie');
INSERT INTO Librairie VALUES (108, 'Nantes', 'Le Scribe');
INSERT INTO Librairie VALUES (109, 'Strasbourg', 'La Page Blanche');
INSERT INTO Librairie VALUES (110, 'Rennes', 'Livre et Vous');
INSERT INTO Librairie VALUES (111, 'Toulouse', 'La Plume Rouge');
INSERT INTO Librairie VALUES (112, 'Nice', 'Azur Bouquinerie');
INSERT INTO Librairie VALUES (113, 'Montpellier', 'Le Mot Juste');
INSERT INTO Librairie VALUES (114, 'Grenoble', 'Papyrus');
INSERT INTO Librairie VALUES (115, 'Dijon', 'Bourgogne Livres');
INSERT INTO Librairie VALUES (116, 'Brest', 'Penn Ar Bed Livres');
INSERT INTO Librairie VALUES (117, 'Tours', 'La Tour des Livres');
INSERT INTO Librairie VALUES (118, 'Angers', 'Bouquin Angévins');
INSERT INTO Librairie VALUES (119, 'Le Havre', 'La Grande Mare');
INSERT INTO Librairie VALUES (120, 'Clermont-Ferrand', 'Volcans du Livre');
INSERT INTO Librairie VALUES (121, 'Caen', 'Normandie Livres');
INSERT INTO Librairie VALUES (122, 'Orléans', 'Loire Lecture');
INSERT INTO Librairie VALUES (123, 'Reims', 'Champagne Livres');
INSERT INTO Librairie VALUES (124, 'Metz', 'Lorraine Lecture');
INSERT INTO Librairie VALUES (125, 'Nancy', 'Lettres Nancéiennes');
INSERT INTO Librairie VALUES (126, 'Poitiers', 'La Maison du Livre');
INSERT INTO Librairie VALUES (127, 'Amiens', 'Le Livre Picard');
INSERT INTO Librairie VALUES (128, 'Limoges', 'Pages de Porcelaine');
INSERT INTO Librairie VALUES (129, 'Avignon', 'La Cité des Livres');


-- EMPLOYES (Commencent à 200) : Laurine
INSERT INTO EMPLOYE VALUES (200,'Lagrangne','Fletcher', 100, 35, 1800, 'vendeur');
INSERT INTO EMPLOYE VALUES (201,'Clavet','Elodie', 100, 35, 2700, 'manager');
INSERT INTO EMPLOYE VALUES (202,'Vachel','Clément', 100, 35, 3200, 'libraire');
INSERT INTO EMPLOYE VALUES (203,'Dupuis','Rule', 100, 20, 1200, 'vendeur');
INSERT INTO EMPLOYE VALUES (204,'Potvin','Anton', 100, 35, 1800, 'vendeur');
INSERT INTO EMPLOYE VALUES (205,'Coupart','Nadine', 100, 35, 1800, 'vendeur');
INSERT INTO EMPLOYE VALUES (206,'Lécuyer','Margaux', 100, 20, 1200, 'vendeur');

INSERT INTO EMPLOYE VALUES (207,'Plaisance','Constance', 101, 35, 4000, 'libraire');
INSERT INTO EMPLOYE VALUES (208,'Nobert','Adélaïde', 101, 35, 2400, 'manager');
INSERT INTO EMPLOYE VALUES (209,'Larivière','Royden', 101, 35, 1800, 'vendeur');
INSERT INTO EMPLOYE VALUES (210,'Carigan','Aubrey', 101, 35, 1800, 'vendeur');
INSERT INTO EMPLOYE VALUES (211,'Guertin','Jacques', 101, 35, 1800, 'vendeur');
INSERT INTO EMPLOYE VALUES (212,'Ansel','Collin', 101, 35, 1800, 'vendeur');

INSERT INTO EMPLOYE VALUES (213,'Boucher','Hugh', 102, 35, 3600, 'libraire');
INSERT INTO EMPLOYE VALUES (214,'Descrosiers','Fifine', 102, 35, 2900, 'manager');
INSERT INTO EMPLOYE VALUES (215,'Hétu','Gill', 102, 35, 1800, 'vendeur');
INSERT INTO EMPLOYE VALUES (216,'Montminy','Campbell', 102, 35, 1800, 'vendeur');

INSERT INTO EMPLOYE VALUES (217,'Huppé','Christophe', 103, 35, 4000, 'libraire');
INSERT INTO EMPLOYE VALUES (218,'Sanschagrin','Laurent', 103, 35, 3100, 'manager');
INSERT INTO EMPLOYE VALUES (219,'Champagne','Guillaume', 103, 35, 1800, 'vendeur');
INSERT INTO EMPLOYE VALUES (220,'Batard','Claudette', 103, 35, 1800, 'vendeur');
INSERT INTO EMPLOYE VALUES (221,'Mercier','Clarimunda', 103, 35, 1800, 'vendeur');
INSERT INTO EMPLOYE VALUES (222,'Bilodeau','David', 103, 35, 1800, 'vendeur');

INSERT INTO EMPLOYE VALUES (223,'Chenard','Nicole', 104, 35, 3200, 'libraire');
INSERT INTO EMPLOYE VALUES (224,'Miron','Christophe', 104, 35, 2500, 'manager');
INSERT INTO EMPLOYE VALUES (225,'Creissant','Alexandre', 104, 35, 1480, 'vendeur');
INSERT INTO EMPLOYE VALUES (226,'Bonami','Eliot', 104, 35, 1480, 'vendeur');
INSERT INTO EMPLOYE VALUES (227,'Cotuand','Eric', 104, 35, 1480, 'vendeur');

INSERT INTO EMPLOYE VALUES (228,'Charette','Eric', 105, 35, 1500, 'vendeur');
INSERT INTO EMPLOYE VALUES (229,'Lacaille','Belisarda', 105, 35, 1500, 'vendeur');
INSERT INTO EMPLOYE VALUES (230,'Charpentier','David', 105, 35, 2500, 'manager');
INSERT INTO EMPLOYE VALUES (231,'Simard','Pauline', 105, 35, 2950 , 'libraire'); 

INSERT INTO EMPLOYE VALUES (232,'Rousseau','Claire', 106, 35, 3200,'libraire');
INSERT INTO EMPLOYE VALUES (233,'Lopez','Stéphane', 106, 35, 2600,'manager');
INSERT INTO EMPLOYE VALUES (234,'Perrot','Alice', 106, 35, 1800,'vendeur');
INSERT INTO EMPLOYE VALUES (235,'Sauvage','Hugo', 106, 35, 1800,'vendeur');

INSERT INTO EMPLOYE VALUES (236,'Boulanger','Anaïs', 107, 35, 3300,'libraire');
INSERT INTO EMPLOYE VALUES (237,'Enderli','Luc', 107, 35, 2500,'manager');
INSERT INTO EMPLOYE VALUES (238,'Masson','Julie', 107, 35, 1600,'vendeur');
INSERT INTO EMPLOYE VALUES (239,'Payet','Denis', 107, 35, 1600,'vendeur');

INSERT INTO EMPLOYE VALUES (240,'Morvan','Elisa', 108, 35, 3100,'libraire');
INSERT INTO EMPLOYE VALUES (241,'Rigal','Thomas', 108, 35, 2400,'manager');
INSERT INTO EMPLOYE VALUES (242,'Joubert','Anna', 108, 35, 1600,'vendeur');
INSERT INTO EMPLOYE VALUES (243,'Marquet','Leo', 108, 35, 1600,'vendeur');

INSERT INTO EMPLOYE VALUES (244,'Lemoine','Pascal', 109, 35, 3100,'libraire');
INSERT INTO EMPLOYE VALUES (245,'Rodriguez','Eva', 109, 35, 2450,'manager');
INSERT INTO EMPLOYE VALUES (246,'Georges','Lina', 109, 35, 1700,'vendeur');
INSERT INTO EMPLOYE VALUES (247,'Valette','Nils', 109, 35, 1700,'vendeur');

INSERT INTO EMPLOYE VALUES (248,'Delmas','Camille', 110, 35, 3150,'libraire');
INSERT INTO EMPLOYE VALUES (249,'Fontaine','Bruno', 110, 35, 2500,'manager');
INSERT INTO EMPLOYE VALUES (250,'Marin','Zoé', 110, 35, 1600,'vendeur');
INSERT INTO EMPLOYE VALUES (251,'Parent','Ethan', 110, 35, 1600,'vendeur');

INSERT INTO EMPLOYE VALUES (252,'Lagarde','Vincent', 111, 35, 3500,'libraire');
INSERT INTO EMPLOYE VALUES (253,'Moreau','Jeanne', 111, 35, 2600,'manager');
INSERT INTO EMPLOYE VALUES (254,'Guerin','Victor', 111, 35, 1700,'vendeur');
INSERT INTO EMPLOYE VALUES (255,'Peltier','Sarah', 111, 35, 1700,'vendeur');

INSERT INTO EMPLOYE VALUES (256,'Bertin','Nora', 112, 35, 3300,'libraire');
INSERT INTO EMPLOYE VALUES (257,'Poirier','Alexis', 112, 35, 2550,'manager');
INSERT INTO EMPLOYE VALUES (258,'Faure','Mael', 112, 35, 1650,'vendeur');
INSERT INTO EMPLOYE VALUES (259,'Renard','Lise', 112, 35, 1650,'vendeur');

INSERT INTO EMPLOYE VALUES (260,'Sanchez','Oceane', 113, 35, 3400,'libraire');
INSERT INTO EMPLOYE VALUES (261,'Gilbert','Thomas', 113, 35, 2500,'manager');
INSERT INTO EMPLOYE VALUES (262,'Roy','Mila', 113, 35, 1600,'vendeur');
INSERT INTO EMPLOYE VALUES (263,'Benoit','Lilian', 113, 35, 1600,'vendeur');

INSERT INTO EMPLOYE VALUES (264,'Arnaud','Celine', 114, 35, 3250,'libraire');
INSERT INTO EMPLOYE VALUES (265,'Jacquet','Loic', 114, 35, 2550,'manager');
INSERT INTO EMPLOYE VALUES (266,'Leclerc','Charles', 114, 35, 1650,'vendeur');
INSERT INTO EMPLOYE VALUES (267,'Maury','Evan', 114, 35, 1650,'vendeur');

INSERT INTO EMPLOYE VALUES (268,'Bibu','Helene', 115, 35, 3350,'libraire');
INSERT INTO EMPLOYE VALUES (269,'Pruvost','Julien', 115, 35, 2600,'manager');
INSERT INTO EMPLOYE VALUES (270,'Chevalier','Lucas', 115, 35, 1500,'vendeur');
INSERT INTO EMPLOYE VALUES (271,'Verdier','Ana', 115, 35, 1500,'vendeur');

INSERT INTO EMPLOYE VALUES (272,'Bouvet','Nathalie', 116, 35, 3300,'libraire');
INSERT INTO EMPLOYE VALUES (273,'Hardy','Quentin', 116, 35, 2550,'manager');
INSERT INTO EMPLOYE VALUES (274,'Bazin','Elise', 116, 35, 1600,'vendeur');
INSERT INTO EMPLOYE VALUES (275,'Navarro','Loris', 116, 35, 1600,'vendeur');

INSERT INTO EMPLOYE VALUES (276,'Gouter','Marine', 117, 35, 3100,'libraire');
INSERT INTO EMPLOYE VALUES (277,'Diaz','Theo', 117, 35, 2400,'manager');
INSERT INTO EMPLOYE VALUES (278,'Morin','Lucie', 117, 35, 1550,'vendeur');
INSERT INTO EMPLOYE VALUES (279,'Tanguy','Rayan', 117, 35, 1550,'vendeur');

INSERT INTO EMPLOYE VALUES (280,'Royer','Emma', 118, 35, 3000,'libraire');
INSERT INTO EMPLOYE VALUES (281,'Allard','Yanis', 118, 35, 2450,'manager');
INSERT INTO EMPLOYE VALUES (282,'Devaux','Chloe', 118, 35, 1500,'vendeur');
INSERT INTO EMPLOYE VALUES (283,'Ferrer','Noah', 118, 35, 1500,'vendeur');

INSERT INTO EMPLOYE VALUES (284,'Pichon','Marina', 119, 35, 3300,'libraire');
INSERT INTO EMPLOYE VALUES (285,'Guillard','Dorian', 119, 35, 2550,'manager');
INSERT INTO EMPLOYE VALUES (286,'Hamon','Isis', 119, 35, 1650,'vendeur');
INSERT INTO EMPLOYE VALUES (287,'Pelletier','Adam', 119, 35, 1650,'vendeur');

INSERT INTO EMPLOYE VALUES (288,'Torres','Laura', 120, 35, 3400,'libraire');
INSERT INTO EMPLOYE VALUES (289,'Laval','Pierre', 120, 35, 2600,'manager');
INSERT INTO EMPLOYE VALUES (290,'Adam','Sofia', 120, 35, 1650,'vendeur');
INSERT INTO EMPLOYE VALUES (291,'Lagunes','Jules', 120, 35, 1650,'vendeur');

INSERT INTO EMPLOYE VALUES (292,'Forest','Helena', 121, 35, 3300,'libraire');
INSERT INTO EMPLOYE VALUES (293,'Normand','Arthur', 121, 35, 2500,'manager');
INSERT INTO EMPLOYE VALUES (294,'Lahaye','Camille', 121, 35, 1700,'vendeur');
INSERT INTO EMPLOYE VALUES (295,'Desprez','Noam', 121, 35, 1700,'vendeur');

INSERT INTO EMPLOYE VALUES (296,'Boucher','Oceane', 122, 35, 3450,'libraire');
INSERT INTO EMPLOYE VALUES (297,'Gonzalez','Eliott', 122, 35, 2600,'manager');
INSERT INTO EMPLOYE VALUES (298,'Hubert','Nina', 122, 35, 1600,'vendeur');
INSERT INTO EMPLOYE VALUES (299,'Coste','Tim', 122, 35, 1600,'vendeur');

INSERT INTO EMPLOYE VALUES (300,'Renaud','Valerie', 123, 35, 3200,'libraire');
INSERT INTO EMPLOYE VALUES (301,'Lelong','Cedric', 123, 35, 2450,'manager');
INSERT INTO EMPLOYE VALUES (302,'Bodin','Ines', 123, 35, 1600,'vendeur');
INSERT INTO EMPLOYE VALUES (303,'Lambert','Ilan', 123, 35, 1600,'vendeur');

INSERT INTO EMPLOYE VALUES (304,'Bourgeon','Diane', 124, 35, 3350,'libraire');
INSERT INTO EMPLOYE VALUES (305,'Laporte','Maxime', 124, 35, 2500,'manager');
INSERT INTO EMPLOYE VALUES (306,'Gallet','Julie', 124, 35, 1650,'vendeur');
INSERT INTO EMPLOYE VALUES (307,'Regnier','Leo', 124, 35, 1650,'vendeur');

INSERT INTO EMPLOYE VALUES (308,'Torres','Mathilde', 125, 35, 3450,'libraire');
INSERT INTO EMPLOYE VALUES (309,'Francois','Nicolas', 125, 35, 2550,'manager');
INSERT INTO EMPLOYE VALUES (310,'Prieur','Amaury', 125, 35, 1650,'vendeur');
INSERT INTO EMPLOYE VALUES (311,'Garcia','Sarah', 125, 35, 1650,'vendeur');

INSERT INTO EMPLOYE VALUES (312,'Navarro','Elena', 126, 35, 3300,'libraire');
INSERT INTO EMPLOYE VALUES (313,'Dumont','Bastien', 126, 35, 2400,'manager');
INSERT INTO EMPLOYE VALUES (314,'Lejeune','Aurore', 126, 35, 1550,'vendeur');
INSERT INTO EMPLOYE VALUES (315,'Pons','Sami', 126, 35, 1550,'vendeur');

INSERT INTO EMPLOYE VALUES (316,'Rossi','Chloe', 127, 35, 3200,'libraire');
INSERT INTO EMPLOYE VALUES (317,'Bernard','Gael', 127, 35, 2450,'manager');
INSERT INTO EMPLOYE VALUES (318,'Peltier','Eva', 127, 35, 1600,'vendeur');
INSERT INTO EMPLOYE VALUES (319,'Maurel','Louis', 127, 35, 1600,'vendeur');

INSERT INTO EMPLOYE VALUES (320,'Gregoire','Laura', 128, 35, 3300,'libraire');
INSERT INTO EMPLOYE VALUES (321,'Brun','Yohan', 128, 35, 2500,'manager');
INSERT INTO EMPLOYE VALUES (322,'Delcourt','Sarah', 128, 35, 1600,'vendeur');
INSERT INTO EMPLOYE VALUES (323,'Millet','Raphael', 128, 35, 1600,'vendeur');

INSERT INTO EMPLOYE VALUES (324,'Rolland','Lucie', 129, 35, 3450,'libraire');
INSERT INTO EMPLOYE VALUES (325,'Baille','Theo', 129, 35, 2600,'manager');
INSERT INTO EMPLOYE VALUES (326,'Blondel','Lina', 129, 35, 1650,'vendeur');
INSERT INTO EMPLOYE VALUES (327,'Menard','Yassine', 129, 35, 1650,'vendeur');

-- CLIENTS (500 à 529) : Inès
INSERT INTO Client VALUES (500,'Dupont','Jean','12 rue de la Paix, Paris','0612345678','jean.dupont@gmail.com');
INSERT INTO Client VALUES (501,'Martin','Claire','8 avenue Victor Hugo, Lyon','0623456789','claire.martin@yahoo.fr');
INSERT INTO Client VALUES (502,'Bernard','Lucas','25 boulevard Voltaire, Paris',NULL,'lucas.bernard@gmail.com');
INSERT INTO Client VALUES (503,'Petit','Emma','3 rue Nationale, Lille','0634567890',NULL);
INSERT INTO Client VALUES (504,'Robert','Thomas','18 rue Gambetta, Bordeaux','0645678901','thomas.robert@outlook.fr');
INSERT INTO Client VALUES (505,'Richard','Julie','5 place Bellecour, Lyon',NULL,'julie.richard@gmail.com');
INSERT INTO Client VALUES (506,'Durand','Paul','40 rue Jean Jaurès, Roubaix','0656789012',NULL);
INSERT INTO Client VALUES (507,'Moreau','Camille','9 rue de Strasbourg, Nantes','0667890123','camille.moreau@gmail.com');
INSERT INTO Client VALUES (508,'Simon','Hugo','22 rue d’Alsace, Strasbourg','0678901234','hugo.simon@hotmail.fr');
INSERT INTO Client VALUES (509,'Laurent','Sarah','15 rue de la République, Marseille',NULL,NULL);
INSERT INTO Client VALUES (510,'Lefevre','Antoine','6 rue des Carmes, Toulouse','0689012345','antoine.lefevre@gmail.com');
INSERT INTO Client VALUES (511,'Michel','Laura','11 rue Victor Basch, Rennes','0690123456',NULL);
INSERT INTO Client VALUES (512,'Garcia','Nicolas','27 avenue Jean Médecin, Nice',NULL,'nicolas.garcia@yahoo.fr');
INSERT INTO Client VALUES (513,'Roux','Manon','4 rue Pasteur, Montpellier','0611223344','manon.roux@gmail.com');
INSERT INTO Client VALUES (514,'Fournier','Alexandre','19 rue Thiers, Grenoble','0622334455',NULL);
INSERT INTO Client VALUES (515,'Morel','Chloé','2 rue de la Liberté, Dijon',NULL,'chloe.morel@gmail.com');
INSERT INTO Client VALUES (516,'Girard','Maxime','10 quai de la Loire, Orléans','0633445566',NULL);
INSERT INTO Client VALUES (517,'Andre','Lucie','14 rue Saint-Michel, Angers','0644556677','lucie.andre@outlook.fr');
INSERT INTO Client VALUES (518,'Lemoine','Baptiste','7 rue du Port, La Rochelle',NULL,NULL);
INSERT INTO Client VALUES (519,'Perez','Inès','21 avenue de la Mer, Sète','0655667788','ines.perez@gmail.com');
INSERT INTO Client VALUES (520,'Colin','Mathieu','13 rue des Fleurs, Tours','0666778899',NULL);
INSERT INTO Client VALUES (521,'Renard','Élodie','16 rue du Général Leclerc, Reims',NULL,'elodie.renard@gmail.com');
INSERT INTO Client VALUES (522,'Boyer','Julien','1 rue de la Gare, Metz','0677889900',NULL);
INSERT INTO Client VALUES (523,'Gauthier','Anaïs','28 rue du Vieux Marché, Rouen','0688990011','anais.gauthier@gmail.com');
INSERT INTO Client VALUES (524,'Perrin','Quentin','33 rue Lafayette, Amiens',NULL,NULL);
INSERT INTO Client VALUES (525,'Chevalier','Marine','17 rue des Arts, Avignon','0699001122','marine.chevalier@gmail.com');
INSERT INTO Client VALUES (526,'Francois','Romain','5 rue du Château, Blois',NULL,'romain.francois@yahoo.fr');
INSERT INTO Client VALUES (527,'Legrand','Sophie','26 avenue de Bretagne, Vannes','0610112233',NULL);
INSERT INTO Client VALUES (528,'Blanc','Adrien','9 rue des Alpes, Annecy','0621223344','adrien.blanc@gmail.com');
INSERT INTO Client VALUES (529,'Barbier','Pauline','20 rue de la Plage, Saint-Malo',NULL,NULL);

-- LIVRES : Laurine
INSERT INTO LIVRE VALUES (9782070368225, 'Le Petit Prince', 'Roman', 300, 'Antoine de Saint-Exupéry', TO_DATE('1943-04-06','YYYY-MM-DD'), 'Un pilote perdu dans le désert rencontre un petit prince venu d une autre planète.');
INSERT INTO LIVRE VALUES (9782253003547, 'Les Misérables', 'Roman', 301, 'Victor Hugo', TO_DATE('1862-01-01','YYYY-MM-DD'), 'L''histoire de Jean Valjean, ancien bagnard, et de sa rédemption dans une France en révolution.');
INSERT INTO LIVRE VALUES (9782070360539, 'Candide', 'Roman', 302, 'Voltaire', TO_DATE('1759-01-01','YYYY-MM-DD'), 'Candide, jeune optimiste, voyage à travers un monde rempli d injustices et de catastrophes.');
INSERT INTO LIVRE VALUES (9782070368226, '1984', 'Roman', 303, 'George Orwell', TO_DATE('1949-06-08','YYYY-MM-DD'), 'Dans une société totalitaire, Winston Smith tente de résister à la surveillance et à la manipulation du Parti.');
INSERT INTO LIVRE VALUES (9782070368227, 'Le Comte de Monte-Cristo', 'Roman', 304, 'Alexandre Dumas', TO_DATE('1845-08-28','YYYY-MM-DD'), 'L''histoire d Edmond Dantès, trahi et emprisonné, qui se venge de ses ennemis.');
INSERT INTO LIVRE VALUES (9782070368228, 'Harry Potter à l''école des sorciers', 'Fantasy', 305, 'J.K. Rowling', TO_DATE('1997-06-26','YYYY-MM-DD'), 'Harry Potter découvre qu il est un sorcier et rejoint Poudlard pour y apprendre la magie.');
INSERT INTO LIVRE VALUES (9782070368229, 'Le Seigneur des Anneaux : La Communauté de l''Anneau', 'Fantasy', 306, 'J.R.R. Tolkien', TO_DATE('1954-07-29','YYYY-MM-DD'), 'Frodon Sacquet part détruire un anneau maléfique pour sauver la Terre du Milieu.');
INSERT INTO LIVRE VALUES (9782070368230, 'Da Vinci Code', 'Thriller', 307, 'Dan Brown', TO_DATE('2003-03-18','YYYY-MM-DD'), 'Un professeur de symbologie déchiffre des codes pour résoudre un meurtre mystérieux au Louvre.');
INSERT INTO LIVRE VALUES (9782070368231, 'Le Parfum', 'Roman', 308, 'Patrick Süskind', TO_DATE('1985-12-01','YYYY-MM-DD'), 'Jean-Baptiste Grenouille, doté d un odorat surhumain, devient un tueur obsessionnel à la recherche du parfum parfait.');
INSERT INTO LIVRE VALUES (9782070368232, 'La Peste', 'Roman', 309, 'Albert Camus', TO_DATE('1947-06-10','YYYY-MM-DD'), 'Une épidémie de peste ravage Oran et met à l épreuve les habitants face à la mort et à l absurde.');
INSERT INTO LIVRE VALUES (9784088728407,'Naruto Vol. 1','Manga', 310, 'Masashi Kishimoto',TO_DATE('1999-09-21','YYYY-MM-DD'),NULL);
INSERT INTO LIVRE VALUES (9782723442275,'Bleach Tome 1','Manga', 311, 'Tite Kubo',TO_DATE('2001-08-07','YYYY-MM-DD'),NULL);  
INSERT INTO LIVRE VALUES (9781974700523,'Demon Slayer: Kimetsu no Yaiba Vol.1','Manga', 312, 'Koyoharu Gotōge',TO_DATE('2016-02-15','YYYY-MM-DD'),NULL);  
INSERT INTO LIVRE VALUES (9784088802641,'My Hero Academia Vol.1','Manga', 313, 'Kōhei Horikoshi',TO_DATE('2014-07-07','YYYY-MM-DD'),NULL);  
INSERT INTO LIVRE VALUES (9782344008416,'One Piece Vol.1','Manga', 314, 'Eiichirō Oda',TO_DATE('1997-07-22','YYYY-MM-DD'),NULL);  
INSERT INTO LIVRE VALUES (9782759505603,'Fullmetal Alchemist Tome 1','Manga', 315, 'Hiromu Arakawa',TO_DATE('2001-08-10','YYYY-MM-DD'),NULL);  
INSERT INTO LIVRE VALUES (9782017041399,'Death Note Vol. 1','Manga', 316, 'Tsugumi Ōba and Takeshi Obata',TO_DATE('2003-12-01','YYYY-MM-DD'),NULL);  
INSERT INTO LIVRE VALUES (9782723450431,'Hunter X Hunter Vol. 1','Manga', 317, 'Yoshihiro Togashi',TO_DATE('1998-03-16','YYYY-MM-DD'),NULL);  
INSERT INTO LIVRE VALUES (9782378802263,'Kimetsu no Yaiba (Demon Slayer) - Édition France, Vol.1','Manga', 318, 'Koyoharu Gotōge',TO_DATE('2019-10-04','YYYY-MM-DD'),NULL);  
INSERT INTO LIVRE VALUES (9782505033935,'Bleach Tome 1 (édition française)','Manga', 319, 'Tite Kubo',TO_DATE('2004-01-01','YYYY-MM-DD'),NULL);  
INSERT INTO LIVRE VALUES (9782017088373,'Anatomy Love Story','Romance', 300, 'Mika',TO_DATE('2021-01-12','YYYY-MM-DD'),NULL);  
INSERT INTO LIVRE VALUES (9782092543030,'Nos étoiles contraires','Romance', 301, 'John Green',TO_DATE('2012-01-12','YYYY-MM-DD'),NULL);  
INSERT INTO LIVRE VALUES (9782226447010,'La nuit où les étoiles se sont éteintes','Romance', 302, 'Kira Pine',TO_DATE('2020-10-15','YYYY-MM-DD'),NULL);  
INSERT INTO LIVRE VALUES (9789000000023,'Jamais Plus','Romance', 303, 'Colleen Hoover',TO_DATE('2020-03-22','YYYY-MM-DD'),NULL);  
INSERT INTO LIVRE VALUES (9782266258569,'L année solitaire','Romance', 304, 'Tracy Rees',TO_DATE('2021-02-18','YYYY-MM-DD'),NULL);  
INSERT INTO LIVRE VALUES (9782378801655,'Heartstopper - Tome 1','Romance', 305, 'Alice Oseman',TO_DATE('2019-08-07','YYYY-MM-DD'),NULL);  
INSERT INTO LIVRE VALUES (9782378802003,'Heartstopper - Tome 2','Romance', 306, 'Alice Oseman',TO_DATE('2020-05-05','YYYY-MM-DD'),NULL);  
INSERT INTO LIVRE VALUES (9782378802416,'Heartstopper - Tome 3','Romance', 307, 'Alice Oseman',TO_DATE('2021-09-01','YYYY-MM-DD'),NULL);  
INSERT INTO LIVRE VALUES (9782378802850,'Heartstopper - Tome 4','Romance', 308, 'Alice Oseman',TO_DATE('2022-06-15','YYYY-MM-DD'),NULL);  
INSERT INTO LIVRE VALUES (9782378803109,'Heartstopper - Tome 5','Romance', 309, 'Alice Oseman',TO_DATE('2023-03-10','YYYY-MM-DD'),NULL);  
INSERT INTO LIVRE VALUES (9782253132482,'Ne le dis à personne','Thriller', 310, 'Harlan Coben',TO_DATE('2002-03-06','YYYY-MM-DD'),NULL);  
INSERT INTO LIVRE VALUES (9782253175253,'Sans un mot','Thriller', 311, 'Harlan Coben',TO_DATE('2009-05-13','YYYY-MM-DD'),NULL);  
INSERT INTO LIVRE VALUES (9782253176489,'Fais-moi confiance','Thriller', 312, 'Harlan Coben',TO_DATE('2011-09-15','YYYY-MM-DD'),NULL);  

-- Stock : Laurine
INSERT INTO STOCK VALUES (15.90, 9782070368225, 100, 2);
INSERT INTO STOCK VALUES (12.50, 9782253003547, 100, 3);
INSERT INTO STOCK VALUES (18.20, 9782070360539, 101, 5);
INSERT INTO STOCK VALUES (20.99, 9782070368226, 101, 5);
INSERT INTO STOCK VALUES (22.40, 9782070368227, 102, 4);
INSERT INTO STOCK VALUES (25.75, 9782070368228, 102, 2);
INSERT INTO STOCK VALUES (30.10, 9782070368229, 103, 1);
INSERT INTO STOCK VALUES (32.80, 9782070368230, 103, 6);
INSERT INTO STOCK VALUES (17.95, 9782070368231, 104, 1);
INSERT INTO STOCK VALUES (19.60, 9782070368232, 104, 2);
INSERT INTO STOCK VALUES (10.50, 9784088728407, 105, 3);
INSERT INTO STOCK VALUES (11.20, 9782723442275, 105, 7);
INSERT INTO STOCK VALUES (13.90, 9781974700523, 106, 9);
INSERT INTO STOCK VALUES (12.75, 9784088802641, 106, 1);
INSERT INTO STOCK VALUES (14.60, 9782344008416, 107, 2);
INSERT INTO STOCK VALUES (11.80, 9782759505603, 107, 3);
INSERT INTO STOCK VALUES (12.30, 9782017041399, 108, 4);
INSERT INTO STOCK VALUES (13.40, 9782017088373, 108, 4);
INSERT INTO STOCK VALUES (15.20, 9782226447010, 109, 3);
INSERT INTO STOCK VALUES (16.75, 9789000000023, 110, 1);
INSERT INTO STOCK VALUES (18.90, 9782266258569, 110, 1);
INSERT INTO STOCK VALUES (20.45, 9782378801655, 111, 5);
INSERT INTO STOCK VALUES (21.30, 9782378802003, 111, 2);
INSERT INTO STOCK VALUES (22.15, 9782378802416, 112, 3);
INSERT INTO STOCK VALUES (24.50, 9782378802850, 112, 4);
INSERT INTO STOCK VALUES (26.99, 9782378803109, 113, 5);
INSERT INTO STOCK VALUES (17.49, 9782253132482, 113, 1);
INSERT INTO STOCK VALUES (19.85, 9782253175253, 114, 2);
INSERT INTO STOCK VALUES (21.60, 9782253176489, 114, 4);
INSERT INTO STOCK VALUES (15.90, 9782092543030, 100, 4);

COMMIT;


-- CommandeEditeur : Emel
INSERT INTO CommandeEditeur VALUES (400, 'terminé', 0, 0, TO_DATE('2024-01-15','YYYY-MM-DD'), 300, 100);
INSERT INTO CommandeEditeur VALUES (401, 'terminé', 0, 0, TO_DATE('2023-03-22','YYYY-MM-DD'), 300, 101);
INSERT INTO CommandeEditeur VALUES (402, 'en cours', 0, 0, TO_DATE('2025-06-10','YYYY-MM-DD'), 300, 102);
INSERT INTO CommandeEditeur VALUES (403, 'terminé', 0, 0, TO_DATE('2022-11-05','YYYY-MM-DD'), 300, 103);
INSERT INTO CommandeEditeur VALUES (404, 'annulé', 0, 0, TO_DATE('2000-01-30','YYYY-MM-DD'), 300, 104);
INSERT INTO CommandeEditeur VALUES (405, 'terminé', 0, 0, TO_DATE('2015-02-14','YYYY-MM-DD'), 300, 105);
INSERT INTO CommandeEditeur VALUES (406, 'terminé', 0, 0, TO_DATE('2024-09-18','YYYY-MM-DD'), 300, 106);
INSERT INTO CommandeEditeur VALUES (407, 'en cours', 0, 0, TO_DATE('2021-12-02','YYYY-MM-DD'), 300, 107);
INSERT INTO CommandeEditeur VALUES (408, 'terminé', 0, 0, TO_DATE('2010-07-25','YYYY-MM-DD'), 300, 108);
INSERT INTO CommandeEditeur VALUES (409, 'terminé', 0, 0, TO_DATE('2024-11-11','YYYY-MM-DD'), 300, 109);
INSERT INTO CommandeEditeur VALUES (410, 'annulé', 0, 0, TO_DATE('2023-05-01','YYYY-MM-DD'), 300, 110);
INSERT INTO CommandeEditeur VALUES (411, 'terminé', 0, 0, TO_DATE('2022-08-19','YYYY-MM-DD'), 300, 111);
INSERT INTO CommandeEditeur VALUES (412, 'terminé', 0, 0, TO_DATE('2018-04-09','YYYY-MM-DD'), 300, 112);
INSERT INTO CommandeEditeur VALUES (413, 'en cours', 0, 0, TO_DATE('2025-12-12','YYYY-MM-DD'), 300, 113);
INSERT INTO CommandeEditeur VALUES (414, 'terminé', 0, 0, TO_DATE('2005-03-03','YYYY-MM-DD'), 300, 114);
INSERT INTO CommandeEditeur VALUES (415, 'terminé', 0, 0, TO_DATE('2024-02-28','YYYY-MM-DD'), 300, 115);
INSERT INTO CommandeEditeur VALUES (416, 'terminé', 0, 0, TO_DATE('2020-06-16','YYYY-MM-DD'), 300, 116);
INSERT INTO CommandeEditeur VALUES (417, 'annulé', 0, 0, TO_DATE('2007-07-07','YYYY-MM-DD'), 300, 117);
INSERT INTO CommandeEditeur VALUES (418, 'terminé', 0, 0, TO_DATE('2023-09-20','YYYY-MM-DD'), 300, 118);
INSERT INTO CommandeEditeur VALUES (419, 'terminé', 0, 0, TO_DATE('2021-10-30','YYYY-MM-DD'), 300, 119);
INSERT INTO CommandeEditeur VALUES (420, 'en cours', 0, 0, TO_DATE('2025-01-14','YYYY-MM-DD'), 300, 120);
INSERT INTO CommandeEditeur VALUES (421, 'terminé', 0, 0, TO_DATE('2019-12-25','YYYY-MM-DD'), 300, 121);
INSERT INTO CommandeEditeur VALUES (422, 'terminé', 0, 0, TO_DATE('2024-01-01','YYYY-MM-DD'), 300, 122);
INSERT INTO CommandeEditeur VALUES (423, 'terminé', 0, 0, TO_DATE('2022-04-15','YYYY-MM-DD'), 300, 123);
INSERT INTO CommandeEditeur VALUES (424, 'annulé', 0, 0, TO_DATE('2008-08-08','YYYY-MM-DD'), 300, 124);
INSERT INTO CommandeEditeur VALUES (425, 'terminé', 0, 0, TO_DATE('2023-05-17','YYYY-MM-DD'), 300, 125);
INSERT INTO CommandeEditeur VALUES (426, 'en cours', 0, 0, TO_DATE('2024-11-22','YYYY-MM-DD'), 300, 126);
INSERT INTO CommandeEditeur VALUES (427, 'terminé', 0, 0, TO_DATE('2010-10-10','YYYY-MM-DD'), 300, 127);
INSERT INTO CommandeEditeur VALUES (428, 'terminé', 0, 0, TO_DATE('2025-03-05','YYYY-MM-DD'), 300, 128);
INSERT INTO CommandeEditeur VALUES (429, 'terminé', 0, 0, TO_DATE('2020-02-29','YYYY-MM-DD'), 300, 129);
INSERT INTO CommandeEditeur VALUES (430, 'terminé', 0, 0, TO_DATE('2021-07-13','YYYY-MM-DD'), 300, 130);
INSERT INTO CommandeEditeur VALUES (431, 'annulé', 0, 0, TO_DATE('2022-06-24','YYYY-MM-DD'), 300, 131);
INSERT INTO CommandeEditeur VALUES (432, 'terminé', 0, 0, TO_DATE('2023-09-09','YYYY-MM-DD'), 300, 132);
INSERT INTO CommandeEditeur VALUES (433, 'terminé', 0, 0, TO_DATE('2015-12-31','YYYY-MM-DD'), 300, 133);
INSERT INTO CommandeEditeur VALUES (434, 'en cours', 0, 0, TO_DATE('2024-04-04','YYYY-MM-DD'), 300, 134);
INSERT INTO CommandeEditeur VALUES (435, 'terminé', 0, 0, TO_DATE('2021-08-12','YYYY-MM-DD'), 300, 135);
INSERT INTO CommandeEditeur VALUES (436, 'terminé', 0, 0, TO_DATE('2025-01-19','YYYY-MM-DD'), 300, 136);
INSERT INTO CommandeEditeur VALUES (437, 'terminé', 0, 0, TO_DATE('2023-05-26','YYYY-MM-DD'), 300, 137);
INSERT INTO CommandeEditeur VALUES (438, 'terminé', 0, 0, TO_DATE('2022-11-06','YYYY-MM-DD'), 300, 138);
INSERT INTO CommandeEditeur VALUES (439, 'terminé', 0, 0, TO_DATE('2018-02-14','YYYY-MM-DD'), 300, 139);
INSERT INTO CommandeEditeur VALUES (440, 'en cours', 0, 0, TO_DATE('2024-04-21','YYYY-MM-DD'), 300, 140);
INSERT INTO CommandeEditeur VALUES (441, 'terminé', 0, 0, TO_DATE('2019-03-11','YYYY-MM-DD'), 300, 141);
INSERT INTO CommandeEditeur VALUES (442, 'terminé', 0, 0, TO_DATE('2025-09-02','YYYY-MM-DD'), 300, 142);
INSERT INTO CommandeEditeur VALUES (443, 'annulé', 0, 0, TO_DATE('2020-10-15','YYYY-MM-DD'), 300, 143);
INSERT INTO CommandeEditeur VALUES (444, 'terminé', 0, 0, TO_DATE('2023-07-28','YYYY-MM-DD'), 300, 144);
INSERT INTO CommandeEditeur VALUES (445, 'terminé', 0, 0, TO_DATE('2024-01-10','YYYY-MM-DD'), 300, 145);
INSERT INTO CommandeEditeur VALUES (446, 'terminé', 0, 0, TO_DATE('2022-06-05','YYYY-MM-DD'), 300, 146);
INSERT INTO CommandeEditeur VALUES (447, 'terminé', 0, 0, TO_DATE('2021-12-18','YYYY-MM-DD'), 300, 147);
INSERT INTO CommandeEditeur VALUES (448, 'en cours', 0, 0, TO_DATE('2025-03-23','YYYY-MM-DD'), 300, 148);
INSERT INTO CommandeEditeur VALUES (449, 'terminé', 0, 0, TO_DATE('2017-11-12','YYYY-MM-DD'), 300, 149);
INSERT INTO CommandeEditeur VALUES (450, 'terminé', 0, 0, TO_DATE('2023-05-09','YYYY-MM-DD'), 300, 150);
INSERT INTO CommandeEditeur VALUES (451, 'terminé', 0, 0, TO_DATE('2024-02-20','YYYY-MM-DD'), 300, 151);
INSERT INTO CommandeEditeur VALUES (452, 'annulé', 0, 0, TO_DATE('2021-08-14','YYYY-MM-DD'), 300, 152);
INSERT INTO CommandeEditeur VALUES (453, 'terminé', 0, 0, TO_DATE('2022-09-30','YYYY-MM-DD'), 300, 153);
INSERT INTO CommandeEditeur VALUES (454, 'en cours', 0, 0, TO_DATE('2025-04-07','YYYY-MM-DD'), 300, 154);
INSERT INTO CommandeEditeur VALUES (455, 'terminé', 0, 0, TO_DATE('2023-01-25','YYYY-MM-DD'), 300, 155);
INSERT INTO CommandeEditeur VALUES (456, 'terminé', 0, 0, TO_DATE('2020-07-11','YYYY-MM-DD'), 300, 156);
INSERT INTO CommandeEditeur VALUES (457, 'terminé', 0, 0, TO_DATE('2024-10-03','YYYY-MM-DD'), 300, 157);
INSERT INTO CommandeEditeur VALUES (458, 'annulé', 0, 0, TO_DATE('2021-11-29','YYYY-MM-DD'), 300, 158);
INSERT INTO CommandeEditeur VALUES (459, 'terminé', 0, 0, TO_DATE('2019-05-16','YYYY-MM-DD'), 300, 159);
INSERT INTO CommandeEditeur VALUES (460, 'en cours', 0, 0, TO_DATE('2025-02-08','YYYY-MM-DD'), 300, 160);
INSERT INTO CommandeEditeur VALUES (461, 'terminé', 0, 0, TO_DATE('2022-09-17','YYYY-MM-DD'), 300, 161);
INSERT INTO CommandeEditeur VALUES (462, 'terminé', 0, 0, TO_DATE('2023-03-24','YYYY-MM-DD'), 300, 162);
INSERT INTO CommandeEditeur VALUES (463, 'terminé', 0, 0, TO_DATE('2024-12-12','YYYY-MM-DD'), 300, 163);
INSERT INTO CommandeEditeur VALUES (464, 'annulé', 0, 0, TO_DATE('2021-06-01','YYYY-MM-DD'), 300, 164);
INSERT INTO CommandeEditeur VALUES (465, 'terminé', 0, 0, TO_DATE('2020-08-28','YYYY-MM-DD'), 300, 165);
INSERT INTO CommandeEditeur VALUES (466, 'en cours', 0, 0, TO_DATE('2025-04-15','YYYY-MM-DD'), 300, 166);
INSERT INTO CommandeEditeur VALUES (467, 'terminé', 0, 0, TO_DATE('2022-11-04','YYYY-MM-DD'), 300, 167);
INSERT INTO CommandeEditeur VALUES (468, 'terminé', 0, 0, TO_DATE('2023-01-22','YYYY-MM-DD'), 300, 168);
INSERT INTO CommandeEditeur VALUES (469, 'terminé', 0, 0, TO_DATE('2024-05-10','YYYY-MM-DD'), 300, 169);
INSERT INTO CommandeEditeur VALUES (470, 'annulé', 0, 0, TO_DATE('2018-07-30','YYYY-MM-DD'), 300, 170);
INSERT INTO CommandeEditeur VALUES (471, 'terminé', 0, 0, TO_DATE('2021-10-19','YYYY-MM-DD'), 300, 171);
INSERT INTO CommandeEditeur VALUES (472, 'en cours', 0, 0, TO_DATE('2025-03-06','YYYY-MM-DD'), 300, 172);
INSERT INTO CommandeEditeur VALUES (473, 'terminé', 0, 0, TO_DATE('2020-09-13','YYYY-MM-DD'), 300, 173);
INSERT INTO CommandeEditeur VALUES (474, 'terminé', 0, 0, TO_DATE('2023-02-27','YYYY-MM-DD'), 300, 174);
INSERT INTO CommandeEditeur VALUES (475, 'terminé', 0, 0, TO_DATE('2024-12-09','YYYY-MM-DD'), 300, 175);
INSERT INTO CommandeEditeur VALUES (476, 'annulé', 0, 0, TO_DATE('2022-06-21','YYYY-MM-DD'), 300, 176);
INSERT INTO CommandeEditeur VALUES (477, 'terminé', 0, 0, TO_DATE('2021-08-02','YYYY-MM-DD'), 300, 177);
INSERT INTO CommandeEditeur VALUES (478, 'en cours', 0, 0, TO_DATE('2025-01-15','YYYY-MM-DD'), 300, 178);
INSERT INTO CommandeEditeur VALUES (479, 'terminé', 0, 0, TO_DATE('2020-04-11','YYYY-MM-DD'), 300, 179);
INSERT INTO CommandeEditeur VALUES (480, 'terminé', 0, 0, TO_DATE('2023-11-25','YYYY-MM-DD'), 300, 180);
INSERT INTO CommandeEditeur VALUES (481, 'terminé', 0, 0, TO_DATE('2024-02-01','YYYY-MM-DD'), 300, 100);
INSERT INTO CommandeEditeur VALUES (482, 'annulé', 0, 0, TO_DATE('2024-03-15','YYYY-MM-DD'), 300, 111);
INSERT INTO CommandeEditeur VALUES (483, 'terminé', 0, 0, TO_DATE('2024-06-10','YYYY-MM-DD'), 300, 157);
INSERT INTO CommandeEditeur VALUES (484, 'terminé', 0, 0, TO_DATE('2024-12-20','YYYY-MM-DD'), 300, 100);
INSERT INTO CommandeEditeur VALUES (481, 100, TO_DATE('2024-02-01','YYYY-MM-DD'), 'terminé', 0 ,0);
INSERT INTO CommandeEditeur VALUES (482, 111, TO_DATE('2024-03-15','YYYY-MM-DD'), 'annulé', 0 ,0);
INSERT INTO CommandeEditeur VALUES (483, 157, TO_DATE('2024-10-06','YYYY-MM-DD'), 'terminé', 0 ,0);
INSERT INTO CommandeEditeur VALUES (484, 100, TO_DATE('2024-12-10','YYYY-MM-DD'), 'terminé',0 ,0);

-- LigneCommandeEditeur : Emel
INSERT INTO LigneCommandeEditeur (ISBN, CommandeEID, QuantiteLCE, PrixUnit, Reduction, PrixTotLCE) VALUES (9782070368225, 400, 1, 15.90, 0.2 ,15.90);
INSERT INTO LigneCommandeEditeur (ISBN, CommandeEID, QuantiteLCE, PrixUnit, Reduction, PrixTotLCE) VALUES (9782070368225, 401, 1, 15.90, 0.2 ,15.90);
INSERT INTO LigneCommandeEditeur (ISBN, CommandeEID, QuantiteLCE, PrixUnit, Reduction, PrixTotLCE) VALUES (9782070368225, 402, 1, 15.90, 0.2 ,15.90);
INSERT INTO LigneCommandeEditeur (ISBN, CommandeEID, QuantiteLCE, PrixUnit, Reduction, PrixTotLCE) VALUES (9782070368225, 403, 1, 15.90, 0.2 ,15.90);
INSERT INTO LigneCommandeEditeur (ISBN, CommandeEID, QuantiteLCE, PrixUnit, Reduction, PrixTotLCE) VALUES (9782070368225, 404, 1, 15.90, 0.2 ,15.90);
INSERT INTO LigneCommandeEditeur (ISBN, CommandeEID, QuantiteLCE, PrixUnit, Reduction, PrixTotLCE) VALUES (9782070368225, 405, 1, 15.90, 0.2 ,15.90);
INSERT INTO LigneCommandeEditeur (ISBN, CommandeEID, QuantiteLCE, PrixUnit, Reduction, PrixTotLCE) VALUES (9782070368225, 406, 1, 15.90, 0.2 ,15.90);
INSERT INTO LigneCommandeEditeur (ISBN, CommandeEID, QuantiteLCE, PrixUnit, Reduction, PrixTotLCE) VALUES (9782070368225, 407, 1, 15.90, 0.2 ,15.90);
INSERT INTO LigneCommandeEditeur (ISBN, CommandeEID, QuantiteLCE, PrixUnit, Reduction, PrixTotLCE) VALUES (9782070368225, 408, 1, 15.90, 0.2 ,15.90);
INSERT INTO LigneCommandeEditeur (ISBN, CommandeEID, QuantiteLCE, PrixUnit, Reduction, PrixTotLCE) VALUES (9782070368225, 409, 1, 15.90, 0.2 ,15.90);
INSERT INTO LigneCommandeEditeur (ISBN, CommandeEID, QuantiteLCE, PrixUnit, Reduction, PrixTotLCE) VALUES (9782070368225, 410, 1, 15.90, 0.2 ,15.90);
INSERT INTO LigneCommandeEditeur (ISBN, CommandeEID, QuantiteLCE, PrixUnit, Reduction, PrixTotLCE) VALUES (9782070368225, 411, 1, 15.90, 0.2 ,15.90);
INSERT INTO LigneCommandeEditeur (ISBN, CommandeEID, QuantiteLCE, PrixUnit, Reduction, PrixTotLCE) VALUES (9782070368225, 412, 1, 15.90, 0.2 ,15.90);
INSERT INTO LigneCommandeEditeur (ISBN, CommandeEID, QuantiteLCE, PrixUnit, Reduction, PrixTotLCE) VALUES (9782070368225, 413, 1, 15.90, 0.2 ,15.90);
INSERT INTO LigneCommandeEditeur (ISBN, CommandeEID, QuantiteLCE, PrixUnit, Reduction, PrixTotLCE) VALUES (9782070368225, 414, 1, 15.90, 0.2 ,15.90);
INSERT INTO LigneCommandeEditeur (ISBN, CommandeEID, QuantiteLCE, PrixUnit, Reduction, PrixTotLCE) VALUES (9782070368225, 415, 1, 15.90, 0.2 ,15.90);
INSERT INTO LigneCommandeEditeur (ISBN, CommandeEID, QuantiteLCE, PrixUnit, Reduction, PrixTotLCE) VALUES (9782070368225, 416, 1, 15.90, 0.2 ,15.90);
INSERT INTO LigneCommandeEditeur (ISBN, CommandeEID, QuantiteLCE, PrixUnit, Reduction, PrixTotLCE) VALUES (9782070368225, 417, 1, 15.90, 0.2 ,15.90);
INSERT INTO LigneCommandeEditeur (ISBN, CommandeEID, QuantiteLCE, PrixUnit, Reduction, PrixTotLCE) VALUES (9782070368225, 418, 1, 15.90, 0.2 ,15.90);
INSERT INTO LigneCommandeEditeur (ISBN, CommandeEID, QuantiteLCE, PrixUnit, Reduction, PrixTotLCE) VALUES (9782070368225, 419, 1, 15.90, 0.2 ,15.90);
INSERT INTO LigneCommandeEditeur (ISBN, CommandeEID, QuantiteLCE, PrixUnit, Reduction, PrixTotLCE) VALUES (9782070368225, 420, 1, 15.90, 0.2 ,15.90);
INSERT INTO LigneCommandeEditeur (ISBN, CommandeEID, QuantiteLCE, PrixUnit, Reduction, PrixTotLCE) VALUES (9782070368225, 421, 1, 15.90, 0.2 ,15.90);
INSERT INTO LigneCommandeEditeur (ISBN, CommandeEID, QuantiteLCE, PrixUnit, Reduction, PrixTotLCE) VALUES (9782070368225, 422, 1, 15.90, 0.2 ,15.90);
INSERT INTO LigneCommandeEditeur (ISBN, CommandeEID, QuantiteLCE, PrixUnit, Reduction, PrixTotLCE) VALUES (9782070368225, 423, 1, 15.90, 0.2 ,15.90);
INSERT INTO LigneCommandeEditeur (ISBN, CommandeEID, QuantiteLCE, PrixUnit, Reduction, PrixTotLCE) VALUES (9782070368225, 424, 1, 15.90, 0.2 ,15.90);
INSERT INTO LigneCommandeEditeur (ISBN, CommandeEID, QuantiteLCE, PrixUnit, Reduction, PrixTotLCE) VALUES (9782070368225, 425, 1, 15.90, 0.2 ,15.90);
INSERT INTO LigneCommandeEditeur (ISBN, CommandeEID, QuantiteLCE, PrixUnit, Reduction, PrixTotLCE) VALUES (9782070368225, 426, 1, 15.90, 0.2 ,15.90);
INSERT INTO LigneCommandeEditeur (ISBN, CommandeEID, QuantiteLCE, PrixUnit, Reduction, PrixTotLCE) VALUES (9782070368225, 427, 1, 15.90, 0.2 ,15.90);
INSERT INTO LigneCommandeEditeur (ISBN, CommandeEID, QuantiteLCE, PrixUnit, Reduction, PrixTotLCE) VALUES (9782070368225, 428, 1, 15.90, 0.2 ,15.90);
INSERT INTO LigneCommandeEditeur (ISBN, CommandeEID, QuantiteLCE, PrixUnit, Reduction, PrixTotLCE) VALUES (9782070368225, 429, 1, 15.90, 0.2 ,15.90);
INSERT INTO LigneCommandeEditeur (ISBN, CommandeEID, QuantiteLCE, PrixUnit, Reduction, PrixTotLCE) VALUES (9782070368225, 430, 1, 15.90, 0.2 ,15.90);
INSERT INTO LigneCommandeEditeur (ISBN, CommandeEID, QuantiteLCE, PrixUnit, Reduction, PrixTotLCE) VALUES (9782070368225, 431, 1, 15.90, 0.2 ,15.90);
INSERT INTO LigneCommandeEditeur (ISBN, CommandeEID, QuantiteLCE, PrixUnit, Reduction, PrixTotLCE) VALUES (9782070368225, 432, 1, 15.90, 0.2 ,15.90);
INSERT INTO LigneCommandeEditeur (ISBN, CommandeEID, QuantiteLCE, PrixUnit, Reduction, PrixTotLCE) VALUES (9782070368225, 433, 1, 15.90, 0.2 ,15.90);
INSERT INTO LigneCommandeEditeur (ISBN, CommandeEID, QuantiteLCE, PrixUnit, Reduction, PrixTotLCE) VALUES (9782070368225, 434, 1, 15.90, 0.2 ,15.90);
INSERT INTO LigneCommandeEditeur (ISBN, CommandeEID, QuantiteLCE, PrixUnit, Reduction, PrixTotLCE) VALUES (9782070368225, 435, 1, 15.90, 0.2 ,15.90);
INSERT INTO LigneCommandeEditeur (ISBN, CommandeEID, QuantiteLCE, PrixUnit, Reduction, PrixTotLCE) VALUES (9782070368225, 436, 1, 15.90, 0.2 ,15.90);
INSERT INTO LigneCommandeEditeur (ISBN, CommandeEID, QuantiteLCE, PrixUnit, Reduction, PrixTotLCE) VALUES (9782070368225, 437, 1, 15.90, 0.2 ,15.90);
INSERT INTO LigneCommandeEditeur (ISBN, CommandeEID, QuantiteLCE, PrixUnit, Reduction, PrixTotLCE) VALUES (9782070368225, 438, 1, 15.90, 0.2 ,15.90);
INSERT INTO LigneCommandeEditeur (ISBN, CommandeEID, QuantiteLCE, PrixUnit, Reduction, PrixTotLCE) VALUES (9782070368225, 439, 1, 15.90, 0.2 ,15.90);
INSERT INTO LigneCommandeEditeur (ISBN, CommandeEID, QuantiteLCE, PrixUnit, Reduction, PrixTotLCE) VALUES (9782070368225, 440, 1, 15.90, 0.2 ,15.90);
INSERT INTO LigneCommandeEditeur (ISBN, CommandeEID, QuantiteLCE, PrixUnit, Reduction, PrixTotLCE) VALUES (9782070368225, 441, 1, 15.90, 0.2 ,15.90);
INSERT INTO LigneCommandeEditeur (ISBN, CommandeEID, QuantiteLCE, PrixUnit, Reduction, PrixTotLCE) VALUES (9782070368225, 442, 1, 15.90, 0.2 ,15.90);
INSERT INTO LigneCommandeEditeur (ISBN, CommandeEID, QuantiteLCE, PrixUnit, Reduction, PrixTotLCE) VALUES (9782070368225, 443, 1, 15.90, 0.2 ,15.90);
INSERT INTO LigneCommandeEditeur (ISBN, CommandeEID, QuantiteLCE, PrixUnit, Reduction, PrixTotLCE) VALUES (9782070368225, 444, 1, 15.90, 0.2 ,15.90);
INSERT INTO LigneCommandeEditeur (ISBN, CommandeEID, QuantiteLCE, PrixUnit, Reduction, PrixTotLCE) VALUES (9782070368225, 445, 1, 15.90, 0.2 ,15.90);
INSERT INTO LigneCommandeEditeur (ISBN, CommandeEID, QuantiteLCE, PrixUnit, Reduction, PrixTotLCE) VALUES (9782070368225, 446, 1, 15.90, 0.2 ,15.90);
INSERT INTO LigneCommandeEditeur (ISBN, CommandeEID, QuantiteLCE, PrixUnit, Reduction, PrixTotLCE) VALUES (9782070368225, 447, 1, 15.90, 0.2 ,15.90);
INSERT INTO LigneCommandeEditeur (ISBN, CommandeEID, QuantiteLCE, PrixUnit, Reduction, PrixTotLCE) VALUES (9782070368225, 448, 1, 15.90, 0.2 ,15.90);
INSERT INTO LigneCommandeEditeur (ISBN, CommandeEID, QuantiteLCE, PrixUnit, Reduction, PrixTotLCE) VALUES (9782070368225, 449, 1, 15.90, 0.2 ,15.90);
INSERT INTO LigneCommandeEditeur (ISBN, CommandeEID, QuantiteLCE, PrixUnit, Reduction, PrixTotLCE) VALUES (9782070368225, 450, 1, 15.90, 0.2 ,15.90);
INSERT INTO LigneCommandeEditeur (ISBN, CommandeEID, QuantiteLCE, PrixUnit, Reduction, PrixTotLCE) VALUES (9782070368225, 451, 1, 15.90, 0.2 ,15.90);
INSERT INTO LigneCommandeEditeur (ISBN, CommandeEID, QuantiteLCE, PrixUnit, Reduction, PrixTotLCE) VALUES (9782070368225, 452, 1, 15.90, 0.2 ,15.90);
INSERT INTO LigneCommandeEditeur (ISBN, CommandeEID, QuantiteLCE, PrixUnit, Reduction, PrixTotLCE) VALUES (9782070368225, 453, 1, 15.90, 0.2 ,15.90);
INSERT INTO LigneCommandeEditeur (ISBN, CommandeEID, QuantiteLCE, PrixUnit, Reduction, PrixTotLCE) VALUES (9782070368225, 454, 1, 15.90, 0.2 ,15.90);
INSERT INTO LigneCommandeEditeur (ISBN, CommandeEID, QuantiteLCE, PrixUnit, Reduction, PrixTotLCE) VALUES (9782070368225, 455, 1, 15.90, 0.2 ,15.90);
INSERT INTO LigneCommandeEditeur (ISBN, CommandeEID, QuantiteLCE, PrixUnit, Reduction, PrixTotLCE) VALUES (9782070368225, 456, 1, 15.90, 0.2 ,15.90);
INSERT INTO LigneCommandeEditeur (ISBN, CommandeEID, QuantiteLCE, PrixUnit, Reduction, PrixTotLCE) VALUES (9782070368225, 457, 1, 15.90, 0.2 ,15.90);
INSERT INTO LigneCommandeEditeur (ISBN, CommandeEID, QuantiteLCE, PrixUnit, Reduction, PrixTotLCE) VALUES (9782070368225, 458, 1, 15.90, 0.2 ,15.90);
INSERT INTO LigneCommandeEditeur (ISBN, CommandeEID, QuantiteLCE, PrixUnit, Reduction, PrixTotLCE) VALUES (9782070368225, 459, 1, 15.90, 0.2 ,15.90);
INSERT INTO LigneCommandeEditeur (ISBN, CommandeEID, QuantiteLCE, PrixUnit, Reduction, PrixTotLCE) VALUES (9782070368225, 460, 1, 15.90, 0.2 ,15.90);
INSERT INTO LigneCommandeEditeur (ISBN, CommandeEID, QuantiteLCE, PrixUnit, Reduction, PrixTotLCE) VALUES (9782070368225, 461, 1, 15.90, 0.2 ,15.90);
INSERT INTO LigneCommandeEditeur (ISBN, CommandeEID, QuantiteLCE, PrixUnit, Reduction, PrixTotLCE) VALUES (9782070368225, 462, 1, 15.90, 0.2 ,15.90);
INSERT INTO LigneCommandeEditeur (ISBN, CommandeEID, QuantiteLCE, PrixUnit, Reduction, PrixTotLCE) VALUES (9782070368225, 463, 1, 15.90, 0.2 ,15.90);
INSERT INTO LigneCommandeEditeur (ISBN, CommandeEID, QuantiteLCE, PrixUnit, Reduction, PrixTotLCE) VALUES (9782070368225, 464, 1, 15.90, 0.2 ,15.90);
INSERT INTO LigneCommandeEditeur (ISBN, CommandeEID, QuantiteLCE, PrixUnit, Reduction, PrixTotLCE) VALUES (9782070368225, 465, 1, 15.90, 0.2 ,15.90);
INSERT INTO LigneCommandeEditeur (ISBN, CommandeEID, QuantiteLCE, PrixUnit, Reduction, PrixTotLCE) VALUES (9782070368225, 466, 1, 15.90, 0.2 ,15.90);
INSERT INTO LigneCommandeEditeur (ISBN, CommandeEID, QuantiteLCE, PrixUnit, Reduction, PrixTotLCE) VALUES (9782070368225, 467, 1, 15.90, 0.2 ,15.90);
INSERT INTO LigneCommandeEditeur (ISBN, CommandeEID, QuantiteLCE, PrixUnit, Reduction, PrixTotLCE) VALUES (9782070368225, 468, 1, 15.90, 0.2 ,15.90);
INSERT INTO LigneCommandeEditeur (ISBN, CommandeEID, QuantiteLCE, PrixUnit, Reduction, PrixTotLCE) VALUES (9782070368225, 469, 1, 15.90, 0.2 ,15.90);
INSERT INTO LigneCommandeEditeur (ISBN, CommandeEID, QuantiteLCE, PrixUnit, Reduction, PrixTotLCE) VALUES (9782070368225, 470, 1, 15.90, 0.2 ,15.90);
INSERT INTO LigneCommandeEditeur (ISBN, CommandeEID, QuantiteLCE, PrixUnit, Reduction, PrixTotLCE) VALUES (9782070368225, 471, 1, 15.90, 0.2 ,15.90);
INSERT INTO LigneCommandeEditeur (ISBN, CommandeEID, QuantiteLCE, PrixUnit, Reduction, PrixTotLCE) VALUES (9782070368225, 472, 1, 15.90, 0.2 ,15.90);
INSERT INTO LigneCommandeEditeur (ISBN, CommandeEID, QuantiteLCE, PrixUnit, Reduction, PrixTotLCE) VALUES (9782070368225, 473, 1, 15.90, 0.2 ,15.90);
INSERT INTO LigneCommandeEditeur (ISBN, CommandeEID, QuantiteLCE, PrixUnit, Reduction, PrixTotLCE) VALUES (9782070368225, 474, 1, 15.90, 0.2 ,15.90);
INSERT INTO LigneCommandeEditeur (ISBN, CommandeEID, QuantiteLCE, PrixUnit, Reduction, PrixTotLCE) VALUES (9782070368225, 475, 1, 15.90, 0.2 ,15.90);
INSERT INTO LigneCommandeEditeur (ISBN, CommandeEID, QuantiteLCE, PrixUnit, Reduction, PrixTotLCE) VALUES (9782070368225, 476, 1, 15.90, 0.2 ,15.90);
INSERT INTO LigneCommandeEditeur (ISBN, CommandeEID, QuantiteLCE, PrixUnit, Reduction, PrixTotLCE) VALUES (9782070368225, 477, 1, 15.90, 0.2 ,15.90);
INSERT INTO LigneCommandeEditeur (ISBN, CommandeEID, QuantiteLCE, PrixUnit, Reduction, PrixTotLCE) VALUES (9782070368225, 478, 1, 15.90, 0.2 ,15.90);
INSERT INTO LigneCommandeEditeur (ISBN, CommandeEID, QuantiteLCE, PrixUnit, Reduction, PrixTotLCE) VALUES (9782070368225, 479, 1, 15.90, 0.2 ,15.90);
INSERT INTO LigneCommandeEditeur (ISBN, CommandeEID, QuantiteLCE, PrixUnit, Reduction, PrixTotLCE) VALUES (9782070368225, 480, 1, 15.90, 0.2 ,15.90);
INSERT INTO LigneCommandeEditeur (ISBN, CommandeEID, QuantiteLCE, PrixUnit, Reduction, PrixTotLCE) VALUES (9784088728407, 481, 10, 6.90, 0.2 ,69.00);
INSERT INTO LigneCommandeEditeur (ISBN, CommandeEID, QuantiteLCE, PrixUnit, Reduction, PrixTotLCE) VALUES (9782344008416, 481, 10, 6.90, 0.2 ,69.00);
INSERT INTO LigneCommandeEditeur (ISBN, CommandeEID, QuantiteLCE, PrixUnit, Reduction, PrixTotLCE) VALUES (9782070368228, 481, 5, 10.00, 0.2 ,50.00);
INSERT INTO LigneCommandeEditeur (ISBN, CommandeEID, QuantiteLCE, PrixUnit, Reduction, PrixTotLCE) VALUES (9782017041399, 482, 2, 6.90, 0.2 ,13.80);
INSERT INTO LigneCommandeEditeur (ISBN, CommandeEID, QuantiteLCE, PrixUnit, Reduction, PrixTotLCE) VALUES (9782723442275, 482, 2, 6.90, 0.2 ,13.80);
INSERT INTO LigneCommandeEditeur (ISBN, CommandeEID, QuantiteLCE, PrixUnit, Reduction, PrixTotLCE) VALUES (9782017088373, 483, 2, 15.00, 0.2 ,30.00);
INSERT INTO LigneCommandeEditeur (ISBN, CommandeEID, QuantiteLCE, PrixUnit, Reduction, PrixTotLCE) VALUES (9782092543030, 483, 3, 12.00, 0.2 ,36.00);
INSERT INTO LigneCommandeEditeur (ISBN, CommandeEID, QuantiteLCE, PrixUnit, Reduction, PrixTotLCE) VALUES (9782070360539, 484, 50, 8.00, 0.2 ,400.00);

COMMIT;

-- COMMANDECLIENT (600-629) Ines: 
INSERT INTO CommandeClient VALUES (600,'terminé','12 rue de la Paix, Paris',32.80,2,TO_DATE('2024-01-15','YYYY-MM-DD'),500,100);
INSERT INTO CommandeClient VALUES (601,'terminé','8 avenue Victor Hugo, Lyon',62.40,4,TO_DATE('2024-01-18','YYYY-MM-DD'),501,101);
INSERT INTO CommandeClient VALUES (602,'en cours','25 boulevard Voltaire, Paris',44.40,3,TO_DATE('2024-01-20','YYYY-MM-DD'),502,102);
INSERT INTO CommandeClient VALUES (603,'annulé','3 rue Nationale, Lille',52.19,3,TO_DATE('2024-01-22','YYYY-MM-DD'),503,103);
INSERT INTO CommandeClient VALUES (604,'terminé','18 rue Gambetta, Bordeaux',44.80,2,TO_DATE('2024-01-25','YYYY-MM-DD'),504,104);
INSERT INTO CommandeClient VALUES (605,'terminé','5 place Bellecour, Lyon',45.65,2,TO_DATE('2024-01-27','YYYY-MM-DD'),505,105);
INSERT INTO CommandeClient VALUES (606,'en cours','40 rue Jean Jaurès, Roubaix',51.60,2,TO_DATE('2024-02-01','YYYY-MM-DD'),506,106);
INSERT INTO CommandeClient VALUES (607,'terminé','9 rue de Strasbourg, Nantes',46.20,2,TO_DATE('2024-02-03','YYYY-MM-DD'),507,107);
INSERT INTO CommandeClient VALUES (608,'terminé','22 rue d’Alsace, Strasbourg',35.90,2,TO_DATE('2024-02-05','YYYY-MM-DD'),508,108);
INSERT INTO CommandeClient VALUES (609,'en cours','15 rue de la République, Marseille',36.30,2,TO_DATE('2024-02-07','YYYY-MM-DD'),509,109);
INSERT INTO CommandeClient VALUES (610,'terminé','6 rue des Carmes, Toulouse',39.30,3,TO_DATE('2024-02-10','YYYY-MM-DD'),510,110);
INSERT INTO CommandeClient VALUES (611,'terminé','11 rue Victor Basch, Rennes',22.40,2,TO_DATE('2024-02-12','YYYY-MM-DD'),511,111);
INSERT INTO CommandeClient VALUES (612,'en cours','27 avenue Jean Médecin, Nice',34.30,2,TO_DATE('2024-02-15','YYYY-MM-DD'),512,112);
INSERT INTO CommandeClient VALUES (613,'terminé','4 rue Pasteur, Montpellier',35.35,2,TO_DATE('2024-02-18','YYYY-MM-DD'),513,113);
INSERT INTO CommandeClient VALUES (614,'terminé','19 rue Thiers, Grenoble',29.20,2,TO_DATE('2024-02-20','YYYY-MM-DD'),514,114);
INSERT INTO CommandeClient VALUES (615,'annulé','2 rue de la Liberté, Dijon',27.10,2,TO_DATE('2024-02-22','YYYY-MM-DD'),515,115);
INSERT INTO CommandeClient VALUES (616,'terminé','10 quai de la Loire, Orléans',24.60,2,TO_DATE('2024-02-25','YYYY-MM-DD'),516,116);
INSERT INTO CommandeClient VALUES (617,'en cours','14 rue Saint-Michel, Angers',32.30,2,TO_DATE('2024-02-27','YYYY-MM-DD'),517,117);
INSERT INTO CommandeClient VALUES (618,'terminé','7 rue du Port, La Rochelle',30.40,2,TO_DATE('2024-03-01','YYYY-MM-DD'),518,118);
INSERT INTO CommandeClient VALUES (619,'terminé','21 avenue de la Mer, Sète',32.55,2,TO_DATE('2024-03-03','YYYY-MM-DD'),519,119);
INSERT INTO CommandeClient VALUES (620,'en cours','13 rue des Fleurs, Tours',36.50,2,TO_DATE('2024-03-05','YYYY-MM-DD'),520,120);
INSERT INTO CommandeClient VALUES (621,'terminé','16 rue du Général Leclerc, Reims',39.85,2,TO_DATE('2024-03-08','YYYY-MM-DD'),521,121);
INSERT INTO CommandeClient VALUES (622,'terminé','1 rue de la Gare, Metz',43.20,2,TO_DATE('2024-03-10','YYYY-MM-DD'),522,122);
INSERT INTO CommandeClient VALUES (623,'en cours','28 rue du Vieux Marché, Rouen',36.05,2,TO_DATE('2024-03-12','YYYY-MM-DD'),523,123);
INSERT INTO CommandeClient VALUES (624,'terminé','33 rue Lafayette, Amiens',39.60,2,TO_DATE('2024-03-15','YYYY-MM-DD'),524,124);
INSERT INTO CommandeClient VALUES (625,'terminé','17 rue des Arts, Avignon',43.59,2,TO_DATE('2024-03-18','YYYY-MM-DD'),525,125);
INSERT INTO CommandeClient VALUES (626,'terminé','5 rue du Château, Blois',36.29,2,TO_DATE('2024-03-20','YYYY-MM-DD'),526,126);
INSERT INTO CommandeClient VALUES (627,'terminé','26 avenue de Bretagne, Vannes',39.55,2,TO_DATE('2024-03-22','YYYY-MM-DD'),527,127);
INSERT INTO CommandeClient VALUES (628,'en cours','9 rue des Alpes, Annecy',63.40,3,TO_DATE('2024-03-25','YYYY-MM-DD'),528,128);
INSERT INTO CommandeClient VALUES (629,'terminé','20 rue de la Plage, Saint-Malo',54.20,3,TO_DATE('2024-03-28','YYYY-MM-DD'),529,129);

-- LIGNECOMMANDECLIENT (600-629) Ines: 
INSERT INTO LigneCommandeClient VALUES (600,9782070368225,15.90,15.90,1);
INSERT INTO LigneCommandeClient VALUES (600,9782253175253,16.90,16.90,1);
INSERT INTO LigneCommandeClient VALUES (601,9782253003547,12.50,25.00,2);
INSERT INTO LigneCommandeClient VALUES (601,9782253176489,18.50,18.50,1);
INSERT INTO LigneCommandeClient VALUES (601,9782017088373,18.90,18.90,1);
INSERT INTO LigneCommandeClient VALUES (602,9782378801655,14.80,44.40,3);
INSERT INTO LigneCommandeClient VALUES (603,9782070368226,20.99,20.99,1);
INSERT INTO LigneCommandeClient VALUES (603,9782378802003,15.60,31.20,2);
INSERT INTO LigneCommandeClient VALUES (604,9782070368227,22.40,44.80,2);
INSERT INTO LigneCommandeClient VALUES (605,9782070368228,25.75,25.75,1);
INSERT INTO LigneCommandeClient VALUES (605,9782378802850,19.90,19.90,1);
INSERT INTO LigneCommandeClient VALUES (606,9782070368229,30.10,30.10,1);
INSERT INTO LigneCommandeClient VALUES (606,9782378803109,21.50,21.50,1);
INSERT INTO LigneCommandeClient VALUES (607,9782070368230,32.80,32.80,1);
INSERT INTO LigneCommandeClient VALUES (607,9782253132482,13.40,13.40,1);
INSERT INTO LigneCommandeClient VALUES (608,9782070368231,17.95,35.90,2);
INSERT INTO LigneCommandeClient VALUES (609,9782070368232,19.60,19.60,1);
INSERT INTO LigneCommandeClient VALUES (609,9782253176489,16.70,16.70,1);
INSERT INTO LigneCommandeClient VALUES (610,9784088728407,10.50,21.00,2);
INSERT INTO LigneCommandeClient VALUES (610,9782378801655,18.30,18.30,1);
INSERT INTO LigneCommandeClient VALUES (611,9782723442275,11.20,22.40,2);
INSERT INTO LigneCommandeClient VALUES (612,9781974700523,13.90,13.90,1);
INSERT INTO LigneCommandeClient VALUES (612,9782378802416,20.40,20.40,1);
INSERT INTO LigneCommandeClient VALUES (613,9784088802641,12.75,12.75,1);
INSERT INTO LigneCommandeClient VALUES (613,9782378802850,22.60,22.60,1);
INSERT INTO LigneCommandeClient VALUES (614,9782344008416,14.60,29.20,2);
INSERT INTO LigneCommandeClient VALUES (615,9782759505603,11.80,11.80,1);
INSERT INTO LigneCommandeClient VALUES (615,9782253132482,15.30,15.30,1);
INSERT INTO LigneCommandeClient VALUES (616,9782017041399,12.30,24.60,2);
INSERT INTO LigneCommandeClient VALUES (617,9782017088373,13.40,13.40,1);
INSERT INTO LigneCommandeClient VALUES (617,9782253176489,18.90,18.90,1);
INSERT INTO LigneCommandeClient VALUES (618,9782226447010,15.20,30.40,2);
INSERT INTO LigneCommandeClient VALUES (619,9789000000023,16.75,16.75,1);
INSERT INTO LigneCommandeClient VALUES (619,9782378802003,15.80,15.80,1);
INSERT INTO LigneCommandeClient VALUES (620,9782266258569,18.90,18.90,1);
INSERT INTO LigneCommandeClient VALUES (620,9782378802416,17.60,17.60,1);
INSERT INTO LigneCommandeClient VALUES (621,9782378801655,20.45,20.45,1);
INSERT INTO LigneCommandeClient VALUES (621,9782378802850,19.40,19.40,1);
INSERT INTO LigneCommandeClient VALUES (622,9782378802003,21.30,21.30,1);
INSERT INTO LigneCommandeClient VALUES (622,9782378803109,21.90,21.90,1);
INSERT INTO LigneCommandeClient VALUES (623,9782378802416,22.15,22.15,1);
INSERT INTO LigneCommandeClient VALUES (623,9782253132482,13.90,13.90,1);
INSERT INTO LigneCommandeClient VALUES (624,9782378802850,24.50,24.50,1);
INSERT INTO LigneCommandeClient VALUES (624,9782253175253,15.10,15.10,1);
INSERT INTO LigneCommandeClient VALUES (625,9782378803109,26.99,26.99,1);
INSERT INTO LigneCommandeClient VALUES (625,9782253176489,16.60,16.60,1);
INSERT INTO LigneCommandeClient VALUES (626,9782253132482,17.49,17.49,1);
INSERT INTO LigneCommandeClient VALUES (626,9782378801655,18.80,18.80,1);
INSERT INTO LigneCommandeClient VALUES (627,9782253175253,19.85,19.85,1);
INSERT INTO LigneCommandeClient VALUES (627,9782378802003,19.70,19.70,1);
INSERT INTO LigneCommandeClient VALUES (628,9782253176489,21.60,21.60,1);
INSERT INTO LigneCommandeClient VALUES (628,9782378802416,20.90,41.80,2);
INSERT INTO LigneCommandeClient VALUES (629,9782092543030,15.90,31.80,2);
INSERT INTO LigneCommandeClient VALUES (629,9782378802850,22.40,22.40,1);
